<?xml version="1.0" encoding="UTF-8"?>
<project-private xmlns="http://www.netbeans.org/ns/project-private/1">
    <editor-bookmarks xmlns="http://www.netbeans.org/ns/editor-bookmarks/2" lastBookmarkId="0"/>
    <open-files xmlns="http://www.netbeans.org/ns/projectui-open-files/2">
        <group>
            <file>file:/C:/Users/dell/Documents/NetBeansProjects/event_managment/web/adminpagestyle.css</file>
            <file>file:/C:/Users/dell/Documents/NetBeansProjects/event_managment/web/include.jsp</file>
            <file>file:/C:/Users/dell/Documents/NetBeansProjects/event_managment/web/contact.xml</file>
            <file>file:/C:/Users/dell/Documents/NetBeansProjects/event_managment/src/java/user_signup.java</file>
            <file>file:/C:/Users/dell/Documents/NetBeansProjects/event_managment/src/java/UserEventsServlet.java</file>
            <file>file:/C:/Users/dell/Documents/NetBeansProjects/event_managment/web/index.html</file>
            <file>file:/C:/Users/dell/Documents/NetBeansProjects/event_managment/src/java/UserSignInServlet.java</file>
            <file>file:/C:/Users/dell/Documents/NetBeansProjects/event_managment/src/java/SessionDetailsServlet.java</file>
            <file>file:/C:/Users/dell/Documents/NetBeansProjects/event_managment/src/java/RecentEventsServlets.java</file>
            <file>file:/C:/Users/dell/Documents/NetBeansProjects/event_managment/web/bookstyle.css</file>
            <file>file:/C:/Users/dell/Documents/NetBeansProjects/event_managment/web/userpage.html</file>
            <file>file:/C:/Users/dell/Documents/NetBeansProjects/event_managment/web/fpstyle.css</file>
            <file>file:/C:/Users/dell/Documents/NetBeansProjects/event_managment/web/book.html</file>
            <file>file:/C:/Users/dell/Documents/NetBeansProjects/event_managment/web/adminpage.js</file>
            <file>file:/C:/Users/dell/Documents/NetBeansProjects/event_managment/src/java/addevent1.java</file>
            <file>file:/C:/Users/dell/Documents/NetBeansProjects/event_managment/web/adminlogin.jsp</file>
            <file>file:/C:/Users/dell/Documents/NetBeansProjects/event_managment/web/myjs.js</file>
            <file>file:/C:/Users/dell/Documents/NetBeansProjects/event_managment/web/contact_us.html</file>
            <file>file:/C:/Users/dell/Documents/NetBeansProjects/event_managment/web/addeventstyle.css</file>
            <file>file:/C:/Users/dell/Documents/NetBeansProjects/event_managment/web/addevent.jsp</file>
            <file>file:/C:/Users/dell/Documents/NetBeansProjects/event_managment/web/showevent.jsp</file>
            <file>file:/C:/Users/dell/Documents/NetBeansProjects/event_managment/web/showevent.html</file>
            <file>file:/C:/Users/dell/Documents/NetBeansProjects/event_managment/web/addevent.html</file>
            <file>file:/C:/Users/dell/Documents/NetBeansProjects/event_managment/web/adminlogin.html</file>
            <file>file:/C:/Users/dell/Documents/NetBeansProjects/event_managment/web/firstpage.html</file>
            <file>file:/C:/Users/dell/Documents/NetBeansProjects/event_managment/web/adminpage.html</file>
        </group>
    </open-files>
</project-private>
