<?xml version="1.0" encoding="UTF-8"?>
<project-private xmlns="http://www.netbeans.org/ns/project-private/1">
    <editor-bookmarks xmlns="http://www.netbeans.org/ns/editor-bookmarks/2" lastBookmarkId="0"/>
    <open-files xmlns="http://www.netbeans.org/ns/projectui-open-files/2">
        <group>
            <file>file:/C:/xampp/htdocs/eventphp/cancel.html</file>
            <file>file:/C:/xampp/htdocs/eventphp/index.php</file>
            <file>file:/C:/xampp/htdocs/eventphp/booknow.html</file>
            <file>file:/C:/xampp/htdocs/eventphp/bookstyle1.css</file>
            <file>file:/C:/xampp/htdocs/eventphp/delete.php</file>
            <file>file:/C:/xampp/htdocs/eventphp/read.html</file>
            <file>file:/C:/xampp/htdocs/eventphp/read.php</file>
            <file>file:/C:/xampp/htdocs/eventphp/myeventphp.php</file>
            <file>file:/C:/xampp/htdocs/eventphp/edit.php</file>
            <file>file:/C:/xampp/htdocs/eventphp/insert.html</file>
            <file>file:/C:/xampp/htdocs/eventphp/edit.html</file>
            <file>file:/C:/xampp/htdocs/eventphp/aboutus.php</file>
            <file>file:/C:/xampp/htdocs/eventphp/insert.php</file>
            <file>file:/C:/xampp/htdocs/eventphp/bill.html</file>
            <file>file:/C:/xampp/htdocs/eventphp/events.xml</file>
        </group>
    </open-files>
</project-private>
